{
  "name": "sqlcipher",
  "version-string": "4.4.0",
  "port-version": 1,
  "description": "SQLCipher extends the SQLite database library to add security enhancements that make it more suitable for encrypted local data storage.",
  "homepage": "https://www.zetetic.net/sqlcipher",
  "supports": "windows & !uwp & !static",
  "dependencies": [
    "openssl",
    "tcl"
  ],
  "features": {
    "geopoly": {
      "description": "enable geopoly functionality for sqlite3"
    },
    "json1": {
      "description": "enable JSON functionality for sqlite3"
    },
    "tool": {
      "description": "sqlite3 executable"
    }
  }
}
