{
  "name": "itk",
  "version-string": "5.1.0",
  "port-version": 3,
  "description": "Insight Segmentation and Registration Toolkit (ITK) is used for image processing and analysis.",
  "homepage": "https://github.com/InsightSoftwareConsortium/ITK",
  "dependencies": [
    "double-conversion",
    "eigen3",
    "expat",
    {
      "name": "fftw3",
      "default-features": false
    },
    "gdcm",
    "gtest",
    {
      "name": "hdf5",
      "default-features": false,
      "features": [
        "cpp"
      ]
    },
    "icu",
    "libjpeg-turbo",
    "libpng",
    "minc",
    {
      "name": "openjpeg",
      "default-features": false
    },
    "tiff",
    "zlib"
  ],
  "features": {
    "cuda": {
      "description": "Build CUDA module",
      "dependencies": [
        "cuda",
        {
          "name": "itk",
          "default-features": false,
          "features": [
            "opencl"
          ]
        }
      ]
    },
    "cufftw": {
      "description": "Use CUDA FFTW",
      "dependencies": [
        "cuda"
      ]
    },
    "opencl": {
      "description": "Use OpenCL",
      "dependencies": [
        "opencl"
      ]
    },
    "python": {
      "description": "Python functionality for ITK",
      "dependencies": [
        "python3"
      ]
    },
    "rtk": {
      "description": "Build RTK Module"
    },
    "tbb": {
      "description": "Build TBB Module",
      "dependencies": [
        "tbb"
      ]
    },
    "tools": {
      "description": "Build RTK with tools",
      "dependencies": [
        {
          "name": "itk",
          "default-features": false,
          "features": [
            "rtk"
          ]
        }
      ]
    },
    "vtk": {
      "description": "Build ITKVtkGlue module.",
      "dependencies": [
        {
          "name": "vtk",
          "default-features": false
        }
      ]
    }
  }
}
